Date;Time;Ventilation Indicator;IAQ Indicator;Virus Index;thermalIndicator;Temperature (°C);Humidity (%);CO2 (ppm);Formaldehyde (µg/m³);TVOC (Index);PM 1.0 (µg/m³);PM 4.0 (µg/m³);PM 10 (µg/m³);PM 2.5 (µg/m³)
2025-05-13;00:03:58;73.00;77.00;55.00;100.00;23.30;41.00;905.00;4.00;56.00;1.00;1.00;1.00;1.00
2025-05-13;00:13:57;73.00;77.00;55.00;100.00;23.20;41.00;907.00;3.00;55.00;1.00;1.00;1.00;1.00
2025-05-13;00:23:58;77.00;78.00;58.00;100.00;23.10;40.00;871.00;2.00;52.00;1.00;1.00;1.00;1.00
2025-05-13;00:33:57;79.00;79.00;60.00;100.00;23.00;40.00;851.00;2.00;50.00;1.00;1.00;1.00;1.00
2025-05-13;00:43:58;81.00;79.00;61.00;100.00;22.90;41.00;835.00;2.00;49.00;1.00;1.00;1.00;1.00
2025-05-13;00:53:57;83.00;80.00;63.00;100.00;22.80;41.00;819.00;2.00;48.00;1.00;1.00;1.00;1.00
2025-05-13;01:03:57;84.00;80.00;64.00;100.00;22.70;41.00;808.00;2.00;48.00;1.00;1.00;1.00;1.00
2025-05-13;01:13:58;85.00;81.00;65.00;100.00;22.60;41.00;794.00;2.00;47.00;1.00;1.00;1.00;1.00
2025-05-13;01:23:57;85.00;80.00;66.00;100.00;22.50;42.00;801.00;2.00;47.00;1.00;1.00;1.00;1.00
2025-05-13;01:33:58;84.00;80.00;65.00;100.00;22.60;42.00;811.00;2.00;48.00;1.00;1.00;1.00;1.00
2025-05-13;01:43:57;85.00;80.00;66.00;100.00;22.50;42.00;804.00;3.00;50.00;1.00;1.00;1.00;1.00
2025-05-13;01:53:58;84.00;80.00;66.00;100.00;22.60;42.00;806.00;3.00;51.00;1.00;1.00;1.00;1.00
2025-05-13;02:03:57;82.00;80.00;65.00;100.00;22.50;43.00;824.00;3.00;52.00;1.00;1.00;1.00;1.00
2025-05-13;02:13:57;84.00;80.00;67.00;100.00;22.40;43.00;808.00;4.00;53.00;1.00;1.00;1.00;1.00
2025-05-13;02:23:58;85.00;80.00;67.00;100.00;22.40;43.00;803.00;3.00;52.00;1.00;1.00;1.00;1.00
2025-05-13;02:33:57;85.00;80.00;67.00;100.00;22.40;43.00;804.00;4.00;53.00;1.00;1.00;1.00;1.00
2025-05-13;02:43:58;84.00;80.00;67.00;100.00;22.40;43.00;808.00;4.00;53.00;1.00;1.00;1.00;1.00
2025-05-13;02:53:58;84.00;80.00;67.00;100.00;22.40;43.00;810.00;6.00;54.00;1.00;1.00;1.00;1.00
2025-05-13;03:03:57;84.00;80.00;67.00;100.00;22.30;43.00;810.00;6.00;54.00;1.00;1.00;1.00;1.00
2025-05-13;03:13:58;85.00;80.00;68.00;100.00;22.30;44.00;802.00;5.00;54.00;1.00;1.00;1.00;1.00
2025-05-13;03:23:57;83.00;80.00;67.00;100.00;22.30;44.00;814.00;7.00;54.00;1.00;1.00;1.00;1.00
2025-05-13;03:33:57;83.00;80.00;67.00;100.00;22.30;44.00;813.00;6.00;55.00;1.00;1.00;1.00;1.00
2025-05-13;03:43:58;83.00;80.00;67.00;100.00;22.20;44.00;813.00;6.00;55.00;1.00;1.00;1.00;1.00
2025-05-13;03:53:57;83.00;80.00;67.00;100.00;22.20;44.00;820.00;10.00;55.00;1.00;1.00;1.00;1.00
2025-05-13;04:03:58;82.00;80.00;67.00;100.00;22.20;44.00;823.00;11.00;56.00;1.00;1.00;1.00;1.00
2025-05-13;04:13:57;83.00;80.00;67.00;100.00;22.20;44.00;816.00;6.00;56.00;1.00;1.00;1.00;1.00
2025-05-13;04:23:58;84.00;80.00;67.00;100.00;22.20;44.00;812.00;5.00;55.00;1.00;1.00;1.00;1.00
2025-05-13;04:33:57;83.00;80.00;67.00;100.00;22.30;44.00;820.00;4.00;56.00;1.00;1.00;1.00;1.00
2025-05-13;04:43:58;82.00;80.00;67.00;100.00;22.40;44.00;822.00;4.00;57.00;1.00;1.00;1.00;1.00
2025-05-13;04:53:57;83.00;80.00;67.00;100.00;22.40;44.00;813.00;4.00;57.00;1.00;1.00;1.00;1.00
2025-05-13;05:03:57;83.00;80.00;67.00;100.00;22.50;44.00;818.00;4.00;57.00;1.00;1.00;1.00;1.00
2025-05-13;05:13:58;83.00;80.00;67.00;100.00;22.50;44.00;816.00;4.00;58.00;1.00;1.00;1.00;1.00
2025-05-13;05:23:57;85.00;80.00;68.00;100.00;22.40;44.00;802.00;4.00;57.00;1.00;1.00;1.00;1.00
2025-05-13;05:33:58;85.00;80.00;68.00;100.00;22.40;44.00;802.00;3.00;57.00;1.00;1.00;1.00;1.00
2025-05-13;05:43:57;85.00;80.00;68.00;100.00;22.30;44.00;799.00;3.00;57.00;1.00;1.00;1.00;1.00
2025-05-13;05:53:58;83.00;80.00;67.00;100.00;22.40;44.00;814.00;4.00;57.00;1.00;1.00;1.00;1.00
2025-05-13;06:03:57;84.00;80.00;67.00;100.00;22.40;44.00;811.00;4.00;58.00;1.00;1.00;1.00;1.00
2025-05-13;06:13:57;83.00;80.00;67.00;100.00;22.40;44.00;813.00;3.00;57.00;1.00;1.00;1.00;1.00
2025-05-13;06:23:58;81.00;79.00;65.00;100.00;22.50;44.00;838.00;4.00;58.00;1.00;1.00;1.00;1.00
2025-05-13;06:33:58;76.00;78.00;62.00;100.00;22.50;44.00;879.00;5.00;60.00;1.00;1.00;1.00;1.00
2025-05-13;06:43:57;76.00;78.00;62.00;100.00;22.50;44.00;880.00;5.00;60.00;1.00;1.00;1.00;1.00
2025-05-13;06:53:58;76.00;78.00;61.00;100.00;22.50;43.00;878.00;4.00;60.00;1.00;1.00;1.00;1.00
2025-05-13;07:03:57;77.00;78.00;62.00;100.00;22.60;43.00;866.00;4.00;60.00;1.00;1.00;1.00;1.00
2025-05-13;07:13:58;78.00;78.00;62.00;100.00;22.60;43.00;864.00;3.00;58.00;1.00;1.00;1.00;1.00
2025-05-13;07:23:58;76.00;78.00;61.00;100.00;22.60;43.00;876.00;3.00;58.00;1.00;1.00;1.00;1.00
2025-05-13;07:33:57;77.00;78.00;62.00;100.00;22.70;43.00;872.00;3.00;59.00;1.00;1.00;1.00;1.00
2025-05-13;07:43:58;78.00;78.00;62.00;100.00;22.70;43.00;863.00;3.00;59.00;1.00;1.00;1.00;1.00
2025-05-13;07:53:57;77.00;78.00;62.00;100.00;22.80;43.00;865.00;3.00;59.00;1.00;1.00;1.00;1.00
2025-05-13;08:03:58;77.00;78.00;62.00;100.00;22.90;43.00;870.00;4.00;59.00;1.00;1.00;1.00;1.00
2025-05-13;08:13:57;76.00;78.00;61.00;100.00;23.00;43.00;874.00;4.00;60.00;1.00;1.00;1.00;1.00
2025-05-13;08:23:58;73.00;77.00;59.00;100.00;23.20;43.00;901.00;4.00;62.00;1.00;1.00;1.00;1.00
2025-05-13;08:33:58;71.00;76.00;57.00;100.00;23.30;42.00;916.00;5.00;65.00;1.00;1.00;1.00;1.00
2025-05-13;08:43:57;71.00;76.00;57.00;100.00;23.40;42.00;918.00;4.00;66.00;1.00;1.00;1.00;1.00
2025-05-13;08:53:58;71.00;76.00;56.00;100.00;23.60;42.00;923.00;4.00;69.00;2.00;2.00;2.00;2.00
2025-05-13;09:03:57;72.00;76.00;57.00;100.00;23.80;42.00;909.00;4.00;71.00;1.00;1.00;1.00;1.00
2025-05-13;09:13:57;73.00;77.00;56.00;100.00;24.00;41.00;907.00;3.00;72.00;1.00;1.00;1.00;1.00
2025-05-13;09:23:57;67.00;75.00;52.00;100.00;24.20;41.00;955.00;5.00;79.00;1.00;1.00;1.00;1.00
2025-05-13;09:33:57;68.00;75.00;52.00;100.00;24.30;41.00;946.00;5.00;83.00;1.00;1.00;1.00;1.00
2025-05-13;09:43:57;63.00;74.00;49.00;100.00;24.40;41.00;990.00;7.00;89.00;1.00;1.00;1.00;1.00
2025-05-13;09:53:58;61.00;73.00;47.00;100.00;24.50;41.00;1009.00;8.00;91.00;1.00;1.00;1.00;1.00
2025-05-13;10:03:57;60.00;73.00;46.00;100.00;24.60;41.00;1014.00;6.00;94.00;1.00;1.00;1.00;1.00
2025-05-13;10:13:58;57.00;72.00;44.00;100.00;24.70;41.00;1039.00;6.00;96.00;1.00;1.00;1.00;1.00
2025-05-13;10:23:57;56.00;71.00;43.00;100.00;24.70;41.00;1052.00;6.00;99.00;1.00;1.00;1.00;1.00
2025-05-13;10:33:58;55.00;71.00;43.00;100.00;24.80;41.00;1058.00;5.00;100.00;1.00;1.00;1.00;1.00
2025-05-13;10:43:58;48.00;68.00;36.00;100.00;24.90;42.00;1150.00;13.00;111.00;1.00;1.00;1.00;1.00
2025-05-13;10:53:58;47.00;67.00;35.00;100.00;24.90;42.00;1168.00;18.00;113.00;1.00;1.00;1.00;1.00
2025-05-13;11:03:57;47.00;66.00;33.00;100.00;24.90;42.00;1193.00;18.00;116.00;1.00;1.00;1.00;1.00
2025-05-13;11:13:58;51.00;70.00;39.00;100.00;24.90;41.00;1093.00;10.00;102.00;1.00;1.00;1.00;1.00
2025-05-13;11:23:58;53.00;71.00;40.00;100.00;24.90;41.00;1071.00;8.00;94.00;1.00;1.00;1.00;1.00
2025-05-13;11:33:57;49.00;69.00;37.00;100.00;24.90;41.00;1120.00;10.00;96.00;1.00;1.00;1.00;1.00
2025-05-13;11:43:57;51.00;70.00;39.00;100.00;25.00;41.00;1091.00;7.00;97.00;1.00;1.00;1.00;1.00
2025-05-13;11:53:57;47.00;67.00;33.00;100.00;25.00;42.00;1182.00;12.00;106.00;1.00;1.00;1.00;1.00
2025-05-13;12:03:58;46.00;66.00;32.00;100.00;25.00;42.00;1201.00;12.00;110.00;1.00;1.00;1.00;1.00
2025-05-13;12:13:58;46.00;66.00;32.00;99.00;25.10;42.00;1195.00;14.00;115.00;1.00;1.00;1.00;1.00
2025-05-13;12:23:58;43.00;63.00;27.00;99.00;25.10;43.00;1283.00;17.00;123.00;1.00;1.00;1.00;1.00
2025-05-13;12:33:57;42.00;61.00;26.00;99.00;25.10;43.00;1317.00;23.00;135.00;1.00;1.00;1.00;1.00
2025-05-13;12:43:58;43.00;63.00;30.00;100.00;25.00;44.00;1280.00;25.00;133.00;1.00;1.00;1.00;1.00
2025-05-13;12:53:58;47.00;66.00;37.00;100.00;25.00;43.00;1186.00;24.00;128.00;1.00;1.00;1.00;1.00
2025-05-13;13:03:57;49.00;69.00;42.00;100.00;25.00;43.00;1121.00;22.00;119.00;1.00;1.00;1.00;1.00
2025-05-13;13:13:57;57.00;72.00;47.00;100.00;25.00;43.00;1040.00;17.00;108.00;1.00;1.00;1.00;1.00
2025-05-13;13:23:58;64.00;74.00;51.00;100.00;25.00;42.00;982.00;15.00;99.00;1.00;1.00;1.00;1.00
2025-05-13;13:33:58;87.00;82.00;66.00;99.00;25.10;40.00;769.00;5.00;65.00;1.00;1.00;1.00;1.00
2025-05-13;13:43:58;94.00;86.00;73.00;97.00;25.30;39.00;676.00;1.00;43.00;1.00;1.00;1.00;1.00
2025-05-13;13:53:58;94.00;86.00;73.00;97.00;25.30;39.00;685.00;1.00;36.00;1.00;2.00;2.00;2.00
2025-05-13;14:03:58;92.00;85.00;72.00;97.00;25.30;39.00;703.00;1.00;38.00;2.00;2.00;2.00;2.00
2025-05-13;14:13:57;93.00;86.00;73.00;98.00;25.20;40.00;691.00;1.00;35.00;2.00;2.00;2.00;2.00
2025-05-13;14:23:58;97.00;88.00;77.00;100.00;25.00;39.00;642.00;1.00;30.00;2.00;2.00;2.00;2.00
2025-05-13;14:33:58;96.00;87.00;76.00;100.00;24.90;40.00;658.00;1.00;27.00;2.00;2.00;2.00;2.00
2025-05-13;14:43:57;91.00;84.00;71.00;100.00;24.80;40.00;718.00;1.00;39.00;2.00;2.00;2.00;2.00
2025-05-13;14:53:58;88.00;82.00;68.00;100.00;24.80;41.00;765.00;1.00;49.00;1.00;2.00;2.00;2.00
2025-05-13;15:03:58;85.00;80.00;65.00;100.00;25.00;42.00;800.00;1.00;62.00;2.00;2.00;2.00;2.00
2025-05-13;15:13:57;82.00;80.00;65.00;100.00;25.00;42.00;823.00;1.00;70.00;2.00;2.00;2.00;2.00
2025-05-13;15:23:58;79.00;78.00;63.00;100.00;25.00;43.00;854.00;1.00;79.00;2.00;2.00;2.00;2.00
2025-05-13;15:33:57;76.00;78.00;62.00;100.00;25.00;44.00;874.00;2.00;89.00;2.00;2.00;2.00;2.00
2025-05-13;15:43:57;75.00;77.00;61.00;99.00;25.10;43.00;886.00;2.00;101.00;2.00;2.00;2.00;2.00
2025-05-13;15:53:58;74.00;77.00;61.00;98.00;25.20;44.00;892.00;2.00;101.00;2.00;2.00;2.00;2.00
2025-05-13;16:03:58;71.00;76.00;59.00;99.00;25.10;44.00;919.00;2.00;108.00;2.00;2.00;2.00;2.00
2025-05-13;16:13:57;72.00;76.00;60.00;99.00;25.10;44.00;913.00;3.00;108.00;2.00;2.00;2.00;2.00
2025-05-13;16:23:58;72.00;76.00;61.00;99.00;25.10;45.00;909.00;2.00;100.00;2.00;2.00;2.00;2.00
2025-05-13;16:33:57;70.00;76.00;64.00;99.00;25.10;45.00;925.00;2.00;102.00;2.00;2.00;2.00;2.00
2025-05-13;16:43:58;69.00;76.00;63.00;100.00;25.00;45.00;935.00;3.00;104.00;2.00;2.00;2.00;2.00
2025-05-13;16:53:57;70.00;76.00;64.00;100.00;25.00;46.00;929.00;3.00;101.00;2.00;3.00;3.00;3.00
2025-05-13;17:03:58;70.00;76.00;64.00;100.00;25.00;46.00;928.00;3.00;105.00;2.00;3.00;3.00;3.00
2025-05-13;17:13:58;68.00;75.00;62.00;99.00;25.10;46.00;950.00;4.00;112.00;3.00;3.00;3.00;3.00
2025-05-13;17:23:58;69.00;75.00;64.00;99.00;25.10;46.00;933.00;4.00;115.00;2.00;3.00;3.00;3.00
2025-05-13;17:33:58;68.00;75.00;63.00;99.00;25.10;46.00;944.00;5.00;121.00;3.00;3.00;3.00;3.00
2025-05-13;17:43:57;68.00;75.00;62.00;99.00;25.10;46.00;947.00;6.00;119.00;2.00;3.00;3.00;3.00
2025-05-13;17:53:58;62.00;73.00;50.00;98.00;25.20;43.00;1001.00;14.00;117.00;2.00;2.00;2.00;2.00
2025-05-13;18:03:58;61.00;73.00;49.00;98.00;25.20;42.00;1003.00;14.00;114.00;2.00;2.00;2.00;2.00
2025-05-13;18:13:57;67.00;75.00;51.00;97.00;25.30;41.00;955.00;9.00;105.00;2.00;2.00;2.00;2.00
2025-05-13;18:23:58;80.00;79.00;59.00;98.00;25.20;40.00;842.00;2.00;78.00;2.00;2.00;2.00;2.00
2025-05-13;18:33:59;82.00;80.00;60.00;98.00;25.20;39.00;824.00;2.00;74.00;2.00;2.00;2.00;2.00
2025-05-13;18:43:58;88.00;82.00;65.00;98.00;25.20;39.00;765.00;1.00;67.00;2.00;2.00;2.00;2.00
2025-05-13;18:53:57;91.00;84.00;69.00;98.00;25.20;38.00;721.00;1.00;58.00;2.00;2.00;2.00;2.00
2025-05-13;19:03:58;91.00;84.00;68.00;99.00;25.10;38.00;725.00;1.00;57.00;2.00;2.00;2.00;2.00
2025-05-13;19:13:57;89.00;83.00;67.00;98.00;25.20;39.00;741.00;1.00;59.00;2.00;2.00;2.00;2.00
2025-05-13;19:23:58;89.00;83.00;67.00;99.00;25.10;39.00;748.00;1.00;61.00;2.00;2.00;2.00;2.00
2025-05-13;19:33:57;89.00;83.00;67.00;99.00;25.10;39.00;747.00;1.00;60.00;2.00;2.00;2.00;2.00
2025-05-13;19:43:58;90.00;83.00;67.00;100.00;25.00;39.00;740.00;1.00;60.00;2.00;2.00;2.00;2.00
2025-05-13;19:53:57;90.00;84.00;68.00;100.00;24.90;38.00;730.00;1.00;59.00;2.00;2.00;2.00;2.00
2025-05-13;20:03:58;91.00;84.00;69.00;100.00;24.90;38.00;718.00;1.00;56.00;2.00;2.00;2.00;2.00
2025-05-13;20:13:57;91.00;84.00;69.00;100.00;24.80;39.00;719.00;1.00;56.00;2.00;2.00;2.00;2.00
2025-05-13;20:23:58;91.00;84.00;69.00;100.00;24.80;38.00;722.00;1.00;57.00;2.00;2.00;2.00;2.00
2025-05-13;20:33:58;91.00;84.00;69.00;100.00;24.80;38.00;723.00;1.00;58.00;2.00;2.00;2.00;2.00
2025-05-13;20:43:58;91.00;84.00;69.00;100.00;24.70;39.00;719.00;1.00;57.00;1.00;2.00;2.00;2.00
2025-05-13;20:53:58;91.00;85.00;70.00;100.00;24.70;39.00;715.00;1.00;59.00;2.00;2.00;2.00;2.00
2025-05-13;21:03:58;92.00;85.00;70.00;100.00;24.60;38.00;710.00;1.00;57.00;2.00;2.00;2.00;2.00
2025-05-13;21:13:57;92.00;85.00;70.00;100.00;24.50;39.00;710.00;1.00;56.00;2.00;2.00;2.00;2.00
2025-05-13;21:23:58;91.00;84.00;70.00;100.00;24.50;39.00;717.00;1.00;57.00;2.00;2.00;2.00;2.00
2025-05-13;21:33:57;91.00;84.00;70.00;100.00;24.40;39.00;720.00;1.00;59.00;2.00;2.00;2.00;2.00
2025-05-13;21:43:57;91.00;84.00;70.00;100.00;24.30;39.00;717.00;1.00;59.00;2.00;2.00;2.00;2.00
2025-05-13;21:53:57;91.00;84.00;70.00;100.00;24.30;39.00;720.00;1.00;59.00;1.00;2.00;2.00;2.00
2025-05-13;22:03:58;92.00;85.00;71.00;100.00;24.20;39.00;705.00;1.00;57.00;1.00;1.00;1.00;1.00
2025-05-13;22:13:58;91.00;85.00;70.00;100.00;24.20;39.00;714.00;1.00;58.00;1.00;2.00;2.00;2.00
2025-05-13;22:23:58;95.00;87.00;74.00;100.00;23.90;39.00;671.00;1.00;50.00;2.00;2.00;2.00;2.00
2025-05-13;22:33:57;96.00;87.00;75.00;100.00;23.80;39.00;660.00;1.00;47.00;2.00;2.00;2.00;2.00
2025-05-13;22:43:58;85.00;80.00;65.00;100.00;24.20;41.00;801.00;1.00;113.00;2.00;2.00;2.00;2.00
2025-05-13;22:53:58;71.00;70.00;57.00;96.00;25.40;41.00;889.00;14.00;204.00;2.00;2.00;2.00;2.00
2025-05-13;23:03:58;88.00;81.00;69.00;96.00;25.40;40.00;744.00;31.00;148.00;2.00;2.00;2.00;2.00
2025-05-13;23:13:58;80.00;75.00;63.00;96.00;25.40;42.00;827.00;37.00;174.00;1.00;2.00;2.00;2.00
2025-05-13;23:23:58;71.00;71.00;57.00;96.00;25.40;42.00;902.00;40.00;189.00;1.00;1.00;1.00;1.00
2025-05-13;23:33:58;73.00;72.00;59.00;96.00;25.40;42.00;878.00;45.00;190.00;1.00;1.00;1.00;1.00
2025-05-13;23:43:57;72.00;70.00;60.00;96.00;25.40;42.00;876.00;45.00;211.00;1.00;1.00;1.00;1.00
2025-05-13;23:53:58;56.00;64.00;52.00;95.00;25.50;43.00;997.00;45.00;259.00;1.00;1.00;1.00;1.00
2025-05-14;00:03:57;43.00;59.00;43.00;95.00;25.50;44.00;1120.00;48.00;279.00;1.00;1.00;1.00;1.00
2025-05-14;00:13:58;37.00;55.00;34.00;94.00;25.60;44.00;1247.00;51.00;290.00;1.00;1.00;1.00;1.00
2025-05-14;00:23:57;31.00;50.00;22.00;94.00;25.60;44.00;1400.00;54.00;296.00;1.00;1.00;1.00;1.00
2025-05-14;00:33:58;27.00;47.00;15.00;93.00;25.70;45.00;1513.00;56.00;298.00;1.00;1.00;1.00;1.00
2025-05-14;00:43:58;23.00;43.00;16.00;93.00;25.70;45.00;1628.00;57.00;301.00;1.00;1.00;1.00;1.00
2025-05-14;00:53:58;19.00;39.00;9.00;92.00;25.80;45.00;1738.00;59.00;303.00;1.00;1.00;1.00;1.00
2025-05-14;01:03:58;15.00;35.00;0.00;92.00;25.80;46.00;1862.00;61.00;307.00;1.00;1.00;1.00;1.00
2025-05-14;01:13:58;12.00;32.00;0.00;92.00;25.80;46.00;1954.00;61.00;307.00;1.00;1.00;1.00;1.00
2025-05-14;01:23:58;8.00;29.00;0.00;92.00;25.80;46.00;2067.00;61.00;307.00;1.00;1.00;1.00;1.00
2025-05-14;01:33:57;5.00;26.00;0.00;92.00;25.80;46.00;2150.00;63.00;307.00;1.00;1.00;1.00;1.00
2025-05-14;01:43:58;2.00;22.00;0.00;92.00;25.80;47.00;2257.00;64.00;309.00;1.00;1.00;1.00;1.00
2025-05-14;01:53:58;0.00;20.00;0.00;91.00;25.90;47.00;2336.00;65.00;308.00;1.00;1.00;1.00;1.00
2025-05-14;02:03:58;0.00;17.00;0.00;92.00;25.80;47.00;2419.00;65.00;307.00;1.00;1.00;1.00;1.00
2025-05-14;02:13:58;0.00;14.00;0.00;91.00;25.90;47.00;2507.00;66.00;305.00;1.00;1.00;1.00;1.00
2025-05-14;02:23:58;0.00;10.00;0.00;91.00;25.90;47.00;2640.00;66.00;307.00;1.00;1.00;1.00;1.00
2025-05-14;02:33:58;0.00;6.00;0.00;91.00;25.90;47.00;2732.00;66.00;308.00;1.00;1.00;1.00;1.00
2025-05-14;02:43:58;0.00;4.00;0.00;92.00;25.80;48.00;2813.00;66.00;307.00;1.00;1.00;1.00;1.00
2025-05-14;02:53:58;0.00;1.00;0.00;92.00;25.80;48.00;2908.00;66.00;306.00;1.00;1.00;1.00;1.00
2025-05-14;03:03:58;0.00;0.00;0.00;92.00;25.80;48.00;3007.00;66.00;305.00;1.00;1.00;1.00;1.00
2025-05-14;03:13:57;0.00;0.00;0.00;92.00;25.80;48.00;3106.00;67.00;303.00;1.00;1.00;1.00;1.00
2025-05-14;03:23:58;0.00;4.00;0.00;92.00;25.80;47.00;2841.00;67.00;274.00;1.00;1.00;1.00;1.00
2025-05-14;03:33:57;0.00;17.00;0.00;93.00;25.70;47.00;2472.00;66.00;253.00;1.00;1.00;1.00;1.00
2025-05-14;03:43:58;0.00;13.00;0.00;94.00;25.60;47.00;2577.00;64.00;258.00;1.00;1.00;1.00;1.00
2025-05-14;03:53:57;0.00;10.00;0.00;94.00;25.60;47.00;2667.00;63.00;261.00;1.00;1.00;1.00;1.00
2025-05-14;04:03:58;0.00;7.00;0.00;94.00;25.60;48.00;2766.00;63.00;264.00;1.00;1.00;1.00;1.00
2025-05-14;04:13:58;0.00;3.00;0.00;94.00;25.60;48.00;2881.00;61.00;267.00;1.00;1.00;1.00;1.00
2025-05-14;04:23:58;0.00;0.00;0.00;95.00;25.50;48.00;2958.00;61.00;269.00;1.00;1.00;1.00;1.00
2025-05-14;04:33:58;0.00;0.00;0.00;95.00;25.50;49.00;3023.00;62.00;269.00;1.00;1.00;1.00;1.00
2025-05-14;04:43:57;0.00;0.00;0.00;96.00;25.40;49.00;3086.00;62.00;269.00;1.00;1.00;1.00;1.00
2025-05-14;04:53:58;0.00;0.00;0.00;95.00;25.50;49.00;3122.00;62.00;268.00;1.00;1.00;1.00;1.00
2025-05-14;05:03:57;0.00;0.00;0.00;95.00;25.50;49.00;3184.00;63.00;265.00;1.00;1.00;1.00;1.00
2025-05-14;05:13:58;0.00;0.00;0.00;96.00;25.40;49.00;3257.00;62.00;265.00;1.00;1.00;1.00;1.00
2025-05-14;05:23:58;0.00;0.00;0.00;96.00;25.40;49.00;3278.00;63.00;264.00;1.00;1.00;1.00;1.00
2025-05-14;05:33:57;0.00;0.00;0.00;96.00;25.40;49.00;3319.00;64.00;261.00;1.00;1.00;1.00;1.00
2025-05-14;05:43:58;0.00;0.00;0.00;96.00;25.40;49.00;3355.00;64.00;260.00;1.00;1.00;1.00;1.00
2025-05-14;05:53:58;0.00;0.00;0.00;97.00;25.30;49.00;3400.00;63.00;257.00;1.00;1.00;1.00;1.00
2025-05-14;06:03:58;0.00;0.00;0.00;97.00;25.30;49.00;3506.00;63.00;257.00;1.00;1.00;1.00;1.00
2025-05-14;06:13:57;0.00;0.00;0.00;96.00;25.40;48.00;3463.00;64.00;254.00;1.00;1.00;1.00;1.00
2025-05-14;06:23:58;0.00;0.00;0.00;96.00;25.40;48.00;3517.00;64.00;251.00;1.00;1.00;1.00;1.00
2025-05-14;06:33:57;0.00;0.00;0.00;96.00;25.40;49.00;3622.00;64.00;253.00;1.00;1.00;1.00;1.00
2025-05-14;06:43:58;0.00;0.00;0.00;97.00;25.30;49.00;3711.00;63.00;253.00;1.00;1.00;1.00;1.00
2025-05-14;06:53:58;0.00;0.00;0.00;97.00;25.30;49.00;3708.00;63.00;250.00;1.00;1.00;1.00;1.00
2025-05-14;07:03:58;0.00;0.00;0.00;98.00;25.20;49.00;3812.00;62.00;249.00;1.00;1.00;1.00;1.00
2025-05-14;07:13:58;0.00;0.00;0.00;97.00;25.30;49.00;3760.00;62.00;247.00;1.00;1.00;1.00;1.00
2025-05-14;07:23:58;0.00;0.00;0.00;98.00;25.20;48.00;3575.00;64.00;241.00;1.00;1.00;1.00;1.00
2025-05-14;07:33:58;0.00;0.00;0.00;97.00;25.30;48.00;3499.00;65.00;234.00;1.00;1.00;1.00;1.00
2025-05-14;07:43:58;0.00;0.00;0.00;97.00;25.30;48.00;3574.00;64.00;233.00;1.00;1.00;1.00;1.00
2025-05-14;07:53:58;0.00;0.00;0.00;98.00;25.20;48.00;3664.00;63.00;232.00;1.00;1.00;1.00;1.00
2025-05-14;08:03:58;0.00;0.00;0.00;98.00;25.20;49.00;3774.00;61.00;233.00;1.00;1.00;1.00;1.00
2025-05-14;08:13:57;0.00;0.00;0.00;98.00;25.20;49.00;3832.00;61.00;232.00;1.00;1.00;1.00;1.00
2025-05-14;08:23:58;0.00;0.00;0.00;98.00;25.20;49.00;3788.00;61.00;233.00;1.00;1.00;1.00;1.00
2025-05-14;08:33:58;0.00;0.00;0.00;98.00;25.20;49.00;3662.00;62.00;224.00;1.00;1.00;1.00;1.00
2025-05-14;08:43:58;0.00;0.00;0.00;97.00;25.30;49.00;3606.00;62.00;220.00;1.00;1.00;1.00;1.00
2025-05-14;08:53:58;0.00;0.00;0.00;97.00;25.30;48.00;3516.00;62.00;221.00;1.00;1.00;1.00;1.00
2025-05-14;09:03:58;0.00;0.00;0.00;97.00;25.30;49.00;3554.00;63.00;229.00;1.00;1.00;1.00;1.00
2025-05-14;09:13:58;0.00;0.00;0.00;97.00;25.30;48.00;3461.00;63.00;231.00;1.00;1.00;1.00;1.00
2025-05-14;09:23:58;0.00;0.00;0.00;96.00;25.40;48.00;3367.00;64.00;230.00;1.00;1.00;1.00;1.00
2025-05-14;09:33:58;0.00;0.00;0.00;96.00;25.40;48.00;3304.00;65.00;233.00;1.00;1.00;1.00;1.00
2025-05-14;09:43:57;0.00;0.00;0.00;96.00;25.40;48.00;3262.00;65.00;233.00;1.00;1.00;1.00;1.00
